{
  "James Earl Jones Theatre": [
    40.7591035,
    -73.9830898
  ],
  "Apollo Theater": [
    40.8100895,
    -73.9499948
  ],
  "Orpheum Theatre": [
    40.7281864,
    -73.9874823
  ],
  "Lyceum Theatre ": [
    40.7578694,
    -73.9845006
  ],
  "Masquerade": [
    40.7656726,
    -73.9812564
  ],
  "WP Theater": [
    40.7818403,
    -73.9807136
  ],
  "Longacre Theatre": [
    40.7603178,
    -73.9859687
  ],
  "Playwrights Horizons": [
    40.7586397,
    -73.9936128
  ],
  "Th\u00e9\u00e2tre XIV": [
    40.706153,
    -73.9235511
  ],
  "Circle in the Square Theatre": [
    40.7622484,
    -73.9853553
  ],
  "Todd Haimes Theatre": [
    40.7571557,
    -73.9881192
  ],
  "Broadhurst Theatre": [
    40.7582686,
    -73.9876171
  ],
  "Superfine, Dumbo": [
    40.7023397,
    -73.9874667
  ],
  "Park Avenue Armory": [
    40.7672334,
    -73.9655036
  ],
  "August Wilson Theatre": [
    40.763373,
    -73.9841934
  ],
  "The Duke on 42nd Street": [
    40.7567679,
    -73.9882358
  ],
  "Delacorte Theater": [
    40.7802584,
    -73.9687724
  ],
  "Broadway Comedy Club": [
    40.7644572,
    -73.985746
  ],
  "New Victory Theater": [
    40.7565592,
    -73.9874525
  ],
  "Gerald Schoenfeld Theatre": [
    40.7584859,
    -73.9874377
  ],
  "HERE Arts Center": [
    40.7250601,
    -74.0050764
  ],
  "Lunt-Fontanne Theatre": [
    40.7591662,
    -73.9859015
  ],
  "Booth Theatre": [
    40.758373,
    -73.9870903
  ],
  "Walter Kerr Theatre ": [
    40.760681,
    -73.9855847
  ],
  "New York Comedy Club (Upper West Side)": [
    40.7828731,
    -73.9801285
  ],
  "Lucille Lortel Theatre": [
    40.7333618,
    -74.0057425
  ],
  "New York Theatre Workshop": [
    40.7266868,
    -73.9899902
  ],
  "Music Box Theatre": [
    40.7588721,
    -73.9871508
  ],
  "Stephen Sondheim Theatre": [
    40.7558962,
    -73.9849328
  ],
  "Manhattan Movement & Arts Center": [
    40.7718357,
    -73.9894755
  ],
  "House of Yes": [
    40.7067833,
    -73.9235822
  ],
  "Alice Tully Hall": [
    40.773503,
    -73.9825787
  ],
  "59E59 Theaters Theater A": [
    40.7633055,
    -73.9704554
  ],
  " ": [
    40.7127281,
    -74.0060152
  ],
  "Hayes Theater": [
    40.7578513,
    -73.9878417
  ],
  "Ethel Barrymore Theatre": [
    40.7601222,
    -73.9861351
  ],
  "Classic Stage Company": [
    40.7327227,
    -73.9882473
  ],
  "Studio 54": [
    40.7643461,
    -73.9837786
  ],
  "Richard Rodgers Theatre": [
    40.7590309,
    -73.9867479
  ],
  "Bernard B. Jacobs Theatre": [
    40.7586082,
    -73.9877405
  ],
  "Shubert Theatre": [
    40.7581448,
    -73.9872564
  ],
  "Lotte New York Palace Hotel": [
    40.7579803,
    -73.974769
  ],
  "Nederlander Theatre": [
    40.7554837,
    -73.9883023
  ],
  "Theatre 71": [
    40.7113279,
    -74.0071759
  ],
  "St. James Theatre": [
    40.7579845,
    -73.9881584
  ],
  "Neil Simon Theatre": [
    40.7630257,
    -73.9845198
  ],
  "Westside Theatre": [
    40.759448,
    -73.9926202
  ],
  "Broadway Theatre": [
    40.7633982,
    -73.983355
  ],
  "Samuel J. Friedman Theatre": [
    40.7603807,
    -73.9867276
  ],
  "Minskoff Theatre": [
    40.758063,
    -73.9862053
  ],
  "Vivian Beaumont Theater": [
    40.773677,
    -73.9848015
  ],
  "Walter Kerr Theatre": [
    40.760681,
    -73.9855847
  ],
  "Imperial Theatre": [
    40.7591227,
    -73.9871216
  ],
  "Barrymore Theatre": [
    40.7601222,
    -73.9861351
  ],
  "Cherry Lane Theatre": [
    40.7312452,
    -74.0052802
  ],
  "St. Ann's Warehouse ": [
    40.7036434,
    -73.992813
  ],
  "New York Comedy Club (East Village)": [
    40.7264872,
    -73.9898762
  ],
  "Marquis Theatre": [
    40.7589043,
    -73.9861848
  ],
  "One Times Square": [
    40.7562129,
    -73.9865339
  ],
  "The Players Theatre": [
    40.6671417,
    -73.9905171
  ],
  "New World Stages": [
    40.7627588,
    -73.9875605
  ],
  "New York City Center": [
    40.7639353,
    -73.9794602
  ],
  "Lena Horne Theatre": [
    40.7599753,
    -73.9869664
  ],
  "John Golden Theatre": [
    40.7587046,
    -73.9879846
  ],
  "Golden Theatre": [
    40.7587046,
    -73.9879846
  ],
  "Eugene O'Neill Theatre": [
    40.7611047,
    -73.9857404
  ],
  "Winter Garden Theatre": [
    40.7616856,
    -73.9835045
  ],
  "Eugene O\u2019Neill Theatre": [
    40.7611047,
    -73.9857404
  ],
  "Lyric Theatre": [
    40.7567924,
    -73.9874615
  ],
  "Hudson Theatre": [
    40.7571077,
    -73.9844244
  ],
  "New Amsterdam Theatre": [
    40.756,
    -73.9880631
  ],
  "Gerald Schoenfeld Theatre ": [
    40.7584859,
    -73.9874377
  ],
  "Lyceum Theatre": [
    40.7578694,
    -73.9845006
  ],
  "Belasco Theatre": [
    40.756644,
    -73.9838007
  ],
  "Ambassador Theatre": [
    40.7612355,
    -73.9849903
  ],
  "Al Hirschfeld Theatre": [
    40.7592532,
    -73.9892108
  ],
  "Vineyard Theatre": [
    40.7348029,
    -73.9889177
  ],
  "Metropolitan Opera House": [
    40.7728705,
    -73.9847923
  ],
  "The Shed": [
    40.7532813,
    -74.0026711
  ],
  "Gershwin Theatre": [
    40.7623619,
    -73.9852044
  ],
  "Daryl Roth Theatre": [
    40.7352914,
    -73.9894585
  ],
  "Whitney Museum of American Art": [
    40.7396451,
    -74.008921
  ],
  "Kogame": [
    40.740654,
    -74.0042571
  ],
  "SoHo Playhouse": [
    40.7264507,
    -74.0043756
  ],
  "The Theater Center": [
    40.7160935,
    -74.0058928
  ],
  "The Club": [
    40.7554936,
    -73.9812059
  ],
  "Palace Theatre": [
    40.7589003,
    -73.9846166
  ],
  "DR2 Theatre": [
    40.7111665,
    -74.0072679
  ]
}